	NotOutlier_GATA3.Mutation.Status_False	NotOutlier_GATA3.Mutation.Status_True	Outliers_GATA3.Mutation.Status_False	Outliers_GATA3.Mutation.Status_True	fisherp_GATA3.Mutation.Status_False	fisherp_GATA3.Mutation.Status_True	fisherFDR_GATA3.Mutation.Status_False	fisherFDR_GATA3.Mutation.Status_True
NP_001059-S1517s S1519s 	65.0	4.0	4.0	3.0		0.01470187121024373		0.021966964740235344
NP_996811-S353s 	62.0	4.0	7.0	3.0		0.044209582207287344		0.044209582207287344
NP_996811-S74s 	65.0	4.0	2.0	3.0		0.004950783312735856		0.015323799871375754
NP_001171894-S50s 	61.0	3.0	6.0	3.0		0.0220991012818318		0.02651892153819816
NP_003379-S27s 	50.0	3.0	3.0	3.0		0.010864102146516218		0.021966964740235344
NP_055131-S30s S32s S41s 	65.0	3.0	2.0	3.0		0.003011317857512358		0.013550930358805611
NP_060682-T500t M503m 	49.0	2.0	1.0	3.0		0.001480699593907143		0.013550930358805611
NP_064533-S721s 	62.0	4.0	1.0	3.0		0.002443027827613858		0.013550930358805611
NP_004300-S34s 	63.0	4.0	4.0	3.0		0.01586503009016997		0.021966964740235344
NP_056182-S371s T374t 	53.0	3.0	4.0	3.0		0.015089780531670354		0.021966964740235344
NP_003350-S88s 	63.0	4.0	4.0	3.0		0.01586503009016997		0.021966964740235344
NP_003137-T327t 	50.0	2.0	3.0	3.0		0.005959255505535015		0.015323799871375754
NP_078960-S46s 	62.0	3.0	6.0	3.0		0.021265626370945645		0.02651892153819816
NP_775853-T173t 	68.0	4.0	1.0	3.0		0.0019096241158245474		0.013550930358805611
NP_065849-S982s 	56.0	3.0	4.0	3.0		0.013195710511945336		0.021966964740235344
NP_057455-S339s 	30.0	1.0	2.0	3.0		0.00534759358288771		0.015323799871375754
NP_003864-S894s 	36.0	3.0	3.0	3.0		0.023834078570323654		0.02681333839161411
NP_004282-S48s 	58.0	4.0	5.0	3.0		0.028357588321515567		0.030025681752192952
