	NotOutlier_PAM50_LumA_LumA	NotOutlier_PAM50_LumA_not-LumA	Outliers_PAM50_LumA_LumA	Outliers_PAM50_LumA_not-LumA	fisherp_PAM50_LumA_LumA	fisherp_PAM50_LumA_not-LumA	fisherFDR_PAM50_LumA_not-LumA	fisherFDR_PAM50_LumA_LumA
NP_996811-S353s 	16.0	49.0	7.0	4.0	0.014747669737000492			0.014747669737000492
NP_001129663-S171s T176t 	14.0	44.0	7.0	1.0	0.000946465002340739			0.0022441312454821952
NP_001166171-S224s 	15.0	47.0	8.0	4.0	0.0064289104600282814			0.007714692552033937
NP_001002295-S115s 	16.0	45.0	7.0	2.0	0.004441965112403221			0.006662947668604832
NP_940887-S46s 	16.0	52.0	7.0	0.0	0.00012351537337066965			0.0007410922402240179
NP_003705-S288s 	13.0	40.0	7.0	1.0	0.0011220656227410976			0.0022441312454821952
