	NotOutlier_ER Status_Negative	NotOutlier_ER Status_Positive	Outliers_ER Status_Negative	Outliers_ER Status_Positive	fisherp_ER Status_Negative	fisherp_ER Status_Positive	fisherFDR_ER Status_Positive	fisherFDR_ER Status_Negative
NP_002365-T1649t S1653s 	13.0	48.0	8.0	1.0	0.00015784073580644655			0.00015784073580644655
NP_000204-S1454s 	16.0	52.0	8.0	0.0	3.900485474863251e-05			4.8756068435790636e-05
NP_963293-T20t 	12.0	49.0	8.0	0.0	1.5065562154800444e-05			2.5109270258000742e-05
NP_001444-S235s 	14.0	48.0	9.0	0.0	1.0972840487240264e-05			2.5109270258000742e-05
NP_008872-C22c S24s S45s 	10.0	48.0	11.0	0.0	1.9339510184823022e-07			9.669755092411511e-07
